TimeStamp,Active Power (kW),POA (W/m2),GHI (W/m2),Wind Speed (m/s),Wind Direction (DEG.),AMB TEMP,MOD TEMP,Humidity,Active Power (MW)
2026-07-11 00:00:00,0.0,0.0,-0.3153133333333333,0.8832199999999999,214.13858,26.67333333333333,24.253333333333337,83.69333333333334,0.0
2026-07-11 00:15:00,0.0,0.0,-0.0508533333333333,0.9868733333333336,226.62117333333333,26.573333333333338,24.31333333333333,85.47333333333334,0.0
2026-07-11 00:30:00,0.0,0.0,-0.2702933333333333,1.3652266666666668,230.0203666666667,26.65333333333333,24.57333333333333,86.62666666666665,0.0
2026-07-11 00:45:00,0.0,0.0,-0.2668799999999999,1.0106066666666669,228.4120266666667,26.520000000000003,24.506666666666668,87.42666666666669,0.0
2026-07-11 01:00:00,0.0,0.0,-0.23822,1.4127466666666668,222.39402000000007,26.506666666666668,24.540000000000003,87.66666666666669,0.0
2026-07-11 01:15:00,0.0,0.0,-0.2327066666666666,2.2047733333333333,217.99255333333332,26.486666666666665,24.600000000000005,87.95333333333332,0.0
2026-07-11 01:30:00,0.0,0.0,-0.3806799999999999,1.2254866666666666,220.68404,26.35333333333334,24.526666666666664,88.25999999999999,0.0
2026-07-11 01:45:00,0.0,0.0,-0.0168533333333333,2.2793933333333336,220.94888000000003,26.35333333333333,24.59333333333334,88.20666666666666,0.0
2026-07-11 02:00:00,0.0,0.0,-0.2370066666666667,1.8426866666666668,228.93206,26.226666666666663,24.726666666666667,88.44666666666666,0.0
2026-07-11 02:15:00,0.0,0.0,-0.23224,2.04078,229.01143333333337,26.11333333333334,24.633333333333333,88.65333333333334,0.0
2026-07-11 02:30:00,0.0,0.0,-0.3333466666666666,2.1262866666666667,231.28894,26.10000000000001,24.733333333333327,88.50666666666665,0.0
2026-07-11 02:45:00,0.0,0.0,-0.4237200000000001,1.7769,229.9498933333333,26.159999999999997,25.24666666666667,88.20666666666666,0.0
2026-07-11 03:00:00,0.0,0.0,-0.0283933333333333,2.273886666666667,235.12291333333332,26.15333333333333,25.219999999999995,87.57333333333332,0.0
2026-07-11 03:15:00,0.0,0.0,-0.1384333333333333,2.221433333333333,231.17472,26.120000000000005,24.84,86.55999999999997,0.0
2026-07-11 03:30:00,0.0,0.0,-0.3337666666666667,2.3203400000000003,230.8653733333333,26.11333333333334,24.75333333333333,85.93333333333334,0.0
2026-07-11 03:45:00,0.0,0.0,-0.20186,2.716693333333333,226.66343999999995,26.106666666666676,25.079999999999995,85.29333333333334,0.0
2026-07-11 04:00:00,0.0,0.0,-0.0404533333333333,2.6239133333333338,231.81418666666667,26.06,24.946666666666665,84.42666666666668,0.0
2026-07-11 04:15:00,0.0,0.0,-0.29512,3.044626666666667,235.80097333333336,25.973333333333333,24.719999999999995,83.77333333333334,0.0
2026-07-11 04:30:00,0.0,0.0,-0.1425933333333333,2.369813333333333,225.80806666666663,25.83333333333334,24.540000000000003,83.41333333333334,0.0
2026-07-11 04:45:00,0.0,0.0,-0.0652066666666666,2.389066666666667,233.25860000000003,25.686666666666667,24.16,83.27333333333334,0.0
2026-07-11 05:00:00,0.0,0.0,-0.35792,1.7615866666666666,231.96701999999996,25.613333333333337,24.113333333333333,82.93333333333334,0.0
2026-07-11 05:15:00,0.0,0.0,-0.3753466666666666,2.8183133333333337,233.98044666666672,25.659999999999997,24.64,82.62666666666665,0.0
2026-07-11 05:30:00,0.0,0.0,-0.0973466666666666,2.426693333333333,234.3261133333334,25.67333333333333,25.046666666666678,82.63333333333331,0.0
2026-07-11 05:45:00,1.3613333333333335,3.9216466666666663,4.326173333333333,2.69134,245.72264,25.646666666666665,25.06666666666667,82.95333333333333,0.0013613333333333335
2026-07-11 06:00:00,17.36666666666667,7.954653333333332,8.108846666666667,1.8637533333333327,248.67896,25.600000000000005,25.13333333333333,83.39333333333335,0.01736666666666667
2026-07-11 06:15:00,56.838,17.27028,18.04902666666667,1.8057000000000003,250.01876666666664,25.61333333333334,25.346666666666668,83.96666666666668,0.056838
2026-07-11 06:30:00,150.46733333333333,37.72727333333333,41.34586,1.3409733333333334,238.0977666666667,25.639999999999997,25.78666666666667,84.14666666666668,0.15046733333333334
2026-07-11 06:45:00,191.09466666666668,47.882486666666665,51.255253333333336,1.8639133333333333,232.45516666666668,25.773333333333337,26.366666666666667,83.72,0.1910946666666667
2026-07-11 07:00:00,338.074,83.08493333333332,90.90531333333334,1.3999533333333334,243.60684666666663,25.82,26.666666666666664,84.14000000000001,0.338074
2026-07-11 07:15:00,629.6906666666667,154.63412,175.48592666666667,1.6917533333333337,224.27760000000004,26.11333333333333,28.41333333333333,83.17333333333335,0.6296906666666667
2026-07-11 07:30:00,668.0613333333334,158.98353333333336,167.48037333333335,1.5001666666666666,228.7584733333333,26.199999999999992,29.54,83.00666666666666,0.6680613333333334
2026-07-11 07:45:00,785.4593333333331,186.84914,199.14101333333332,2.144213333333333,243.88132,26.293333333333337,30.113333333333337,82.15333333333334,0.7854593333333331
2026-07-11 08:00:00,934.3173333333336,217.0244466666667,231.79895333333332,1.859533333333333,232.45590666666664,26.520000000000003,31.040000000000003,81.05333333333333,0.9343173333333337
2026-07-11 08:15:00,992.152,227.16968666666668,239.4016266666667,3.08166,236.14296,26.613333333333337,31.453333333333333,80.45333333333333,0.992152
2026-07-11 08:30:00,918.7293333333332,214.85908,218.20179333333328,2.988926666666666,239.56961333333328,26.68,31.546666666666667,80.38666666666668,0.9187293333333332
2026-07-11 08:45:00,1230.414,283.0623666666667,293.76212000000004,1.93868,225.0595333333333,26.726666666666663,32.20666666666667,80.63333333333335,1.230414
2026-07-11 09:00:00,1535.502666666667,348.89446000000004,366.4894933333333,2.6791066666666667,228.2591866666667,26.906666666666656,33.813333333333325,79.96666666666668,1.535502666666667
2026-07-11 09:15:00,1864.898,441.4293333333334,466.79941333333335,2.616866666666667,243.13725333333335,27.1,35.33333333333333,79.55333333333334,1.864898
2026-07-11 09:30:00,2122.7086666666664,455.87595333333337,480.8220533333334,2.56332,250.7443,27.49333333333333,37.13999999999999,78.41333333333334,2.1227086666666666
2026-07-11 09:45:00,2210.016666666667,530.3352733333334,557.7525,3.703366666666668,230.20955333333333,27.70666666666667,38.58666666666667,77.30666666666666,2.2100166666666667
2026-07-11 10:00:00,1939.6153333333332,445.07784,460.7186066666666,1.6011400000000002,234.37436666666665,28.03333333333333,39.566666666666656,76.36,1.9396153333333332
2026-07-11 10:15:00,1780.4873333333333,408.97462666666667,434.2250733333333,2.5770066666666667,250.52544,28.2,38.220000000000006,75.95333333333335,1.7804873333333333
2026-07-11 10:30:00,2010.558,513.66892,521.6450066666667,2.90044,235.07838,28.253333333333337,38.28666666666666,74.67333333333333,2.010558
2026-07-11 10:45:00,2417.1706666666664,586.5853133333334,581.4228999999999,2.6195133333333334,250.99283333333327,28.73333333333333,40.580000000000005,73.19999999999999,2.4171706666666664
2026-07-11 11:00:00,2673.197333333334,706.1380066666666,735.2485800000001,2.78856,239.6682866666666,29.086666666666662,42.73333333333333,71.03333333333332,2.673197333333334
2026-07-11 11:15:00,2821.8553333333334,663.2814866666665,686.6789866666667,2.706693333333333,238.1979266666667,29.526666666666664,44.70666666666667,70.46000000000001,2.8218553333333336
2026-07-11 11:30:00,3255.0113333333334,761.19354,792.3669266666667,2.8284933333333333,246.02012666666667,29.44,44.02,70.61333333333333,3.2550113333333335
2026-07-11 11:45:00,3269.36,810.1539599999999,835.4931133333333,2.64306,242.89094000000003,29.980000000000004,46.68666666666666,68.92,3.2693600000000003
2026-07-11 12:00:00,2419.8213333333333,591.9238933333332,619.7402333333334,2.68474,233.81648666666663,30.05333333333333,44.94666666666668,68.72,2.419821333333333
2026-07-11 12:15:00,2942.8193333333334,693.3487933333332,707.1603266666667,2.4922866666666663,241.5496666666667,30.16,44.21333333333333,67.97999999999999,2.9428193333333335
2026-07-11 12:30:00,2287.936,550.0861466666667,566.4298733333333,3.4072200000000006,227.68350666666672,30.293333333333337,42.64666666666667,65.90666666666667,2.287936
2026-07-11 12:45:00,2319.8606666666665,537.2041466666666,545.5116533333334,2.432946666666667,227.5202933333333,30.34,42.766666666666666,66.96,2.3198606666666666
2026-07-11 13:00:00,3320.6420000000003,780.76506,800.9481400000001,2.309606666666667,234.24602,30.60666666666667,45.18,66.04,3.3206420000000003
2026-07-11 13:15:00,2075.728,456.8134066666667,478.24556,2.5979666666666663,229.01887333333335,30.64,43.34,66.3,2.0757280000000002
2026-07-11 13:30:00,3501.78,782.1331066666667,805.2552133333334,3.585013333333334,246.03940666666668,30.82,44.39999999999999,66.04,3.50178
2026-07-11 13:45:00,3092.1166666666672,676.3552600000002,699.8190133333334,3.20096,235.99386,30.89333333333333,45.4,65.98666666666666,3.092116666666667
2026-07-11 14:00:00,3362.4666666666667,825.9141199999999,866.0802066666668,2.71434,234.36991333333333,30.94,46.21333333333335,64.76666666666667,3.3624666666666667
2026-07-11 14:15:00,2767.9486666666667,681.2918866666666,710.2659600000001,2.7240733333333327,237.97386666666668,31.03333333333333,45.173333333333325,65.14,2.767948666666667
2026-07-11 14:30:00,2672.834666666667,693.65188,721.7682066666667,3.32764,237.7023466666666,31.38,44.82000000000001,63.41333333333333,2.672834666666667
2026-07-11 14:45:00,2041.4993333333332,490.4812866666667,515.0846533333333,3.3734666666666664,232.5627333333333,30.96,42.02,65.93333333333332,2.0414993333333333
2026-07-11 15:00:00,2430.0440000000003,544.5705266666668,579.6146666666666,3.7026533333333327,230.6427933333333,30.706666666666667,40.73333333333333,66.52666666666667,2.4300440000000005
2026-07-11 15:15:00,2216.39,528.9456533333334,565.2031333333332,2.4479066666666665,242.78634666666676,30.96,42.09333333333334,65.63333333333333,2.21639
2026-07-11 15:30:00,2040.6386666666665,431.06212,455.01203333333336,2.563273333333333,237.76542,30.680000000000003,39.45333333333333,65.86666666666666,2.0406386666666667
2026-07-11 15:45:00,1961.8726666666664,448.0749466666667,480.3005999999999,3.2178600000000004,229.12938666666668,30.84,39.16666666666667,64.97333333333333,1.9618726666666664
2026-07-11 16:00:00,1915.9433333333332,441.33616,481.3851000000001,2.7628600000000003,243.81975999999997,30.840000000000007,38.84,65.87333333333333,1.915943333333333
2026-07-11 16:15:00,1397.0733333333333,310.8197066666666,336.51162666666664,3.333386666666667,233.6681333333333,30.6,37.64,66.3,1.3970733333333332
2026-07-11 16:30:00,1751.304666666667,414.2846800000001,454.3961733333334,2.6423066666666672,237.47758,30.73333333333333,38.07333333333334,66.79333333333332,1.751304666666667
2026-07-11 16:45:00,1737.2213333333334,393.81568,438.9476133333334,2.7661,236.88038000000003,30.82666666666666,38.29333333333334,66.16666666666666,1.7372213333333335
2026-07-11 17:00:00,1255.1033333333337,276.93754666666666,311.81220666666667,2.8863600000000007,250.19234666666668,30.719999999999995,36.86,66.44666666666667,1.2551033333333337
2026-07-11 17:15:00,906.812,205.94059333333328,233.91636,2.8633933333333337,238.88562666666664,30.386666666666667,34.86666666666667,67.58666666666666,0.9068120000000001
2026-07-11 17:30:00,546.878,138.49473333333333,151.51312666666666,2.751573333333333,238.59926,30.093333333333344,32.68,67.85333333333332,0.5468780000000001
2026-07-11 17:45:00,431.0680000000001,111.29448,128.33078666666668,2.3316466666666664,227.71242666666663,29.98666666666666,32.00666666666667,68.93333333333334,0.4310680000000001
2026-07-11 18:00:00,387.4479999999999,92.72518666666666,113.00719333333332,2.33352,236.28763333333328,29.75333333333333,31.2,69.85333333333334,0.3874479999999999
2026-07-11 18:15:00,286.31800000000004,69.61775333333334,82.97259333333335,3.0308200000000003,242.69212000000005,29.439999999999998,30.1,70.84666666666665,0.286318
2026-07-11 18:30:00,189.97866666666667,48.12220000000001,58.43696,2.1016866666666667,235.8951933333333,29.28,29.346666666666675,71.05333333333333,0.18997866666666666
2026-07-11 18:45:00,118.64600000000002,37.70703999999999,42.74550000000001,4.486406666666666,246.3302133333333,29.106666666666676,28.76,71.66666666666667,0.11864600000000002
2026-07-11 19:00:00,36.72066666666667,18.916426666666663,21.61256,2.551706666666667,232.94776,28.98,28.300000000000004,72.40666666666668,0.03672066666666667
2026-07-11 19:15:00,15.419999999999998,7.5332,8.763175,2.3815,234.446175,28.85,27.8,73.025,0.015419999999999998
2026-07-11 21:00:00,0.0,1.7654333333333334,2.138233333333333,1.3485000000000005,223.423,28.1,26.433333333333334,76.63333333333334,0.0
2026-07-11 21:15:00,0.0,0.0,-0.3015,1.7389,230.7144909090909,27.745454545454542,25.772727272727263,78.56363636363638,0.0
2026-07-12 05:45:00,0.0,1.8864888888888889,1.8850888888888888,1.407488888888889,237.07697777777776,25.7,25.1,84.56666666666666,0.0
2026-07-12 06:00:00,0.0,3.3713133333333336,3.537406666666667,1.27518,230.87128666666663,25.67333333333333,25.18666666666666,84.53999999999999,0.0
2026-07-12 06:15:00,13.339333333333334,6.813693333333334,7.096346666666667,1.8997533333333332,232.082,25.58,25.066666666666663,84.74000000000001,0.013339333333333335
2026-07-12 06:30:00,31.832,10.82804,10.818426666666664,1.546366666666667,233.00488,25.5,25.006666666666668,84.98000000000002,0.031832
2026-07-12 06:45:00,72.03571428571429,20.087071428571427,20.2646,1.8180571428571424,223.52685714285715,25.585714285714285,25.342857142857145,84.61428571428571,0.07203571428571429
2026-07-12 07:00:00,143.76466666666664,35.12865333333333,37.28250666666666,1.2946133333333332,233.49970666666664,25.600000000000005,25.99333333333333,84.70666666666666,0.14376466666666665
2026-07-12 07:15:00,217.9130769230769,51.21098461538461,54.24486153846154,2.3128538461538466,222.79582307692303,25.60769230769231,26.415384615384617,84.46153846153847,0.21791307692307688
2026-07-12 07:30:00,387.824,88.92170666666665,93.65754666666663,1.9540133333333327,221.21298666666664,25.75333333333333,27.25333333333333,84.16000000000001,0.387824
2026-07-12 07:45:00,630.3520000000001,143.41762666666668,153.91092000000006,2.427686666666667,212.30172666666664,25.946666666666665,28.46666666666666,83.21333333333332,0.6303520000000001
2026-07-12 08:00:00,849.0753333333333,194.4399,206.16118000000003,2.4112266666666664,213.41007333333337,26.119999999999997,30.00666666666667,83.03333333333335,0.8490753333333333
2026-07-12 08:15:00,956.892,223.27206000000004,237.4383333333333,1.4866866666666665,205.6257066666667,26.433333333333334,31.399999999999995,82.51333333333334,0.9568920000000001
2026-07-12 08:30:00,1206.4753333333333,277.26880666666665,294.5629466666667,2.21326,216.78925333333336,26.733333333333327,32.62,81.16666666666667,1.2064753333333333
2026-07-12 08:45:00,1370.3893333333333,307.2792666666668,322.2352133333334,1.9580933333333328,222.53944000000004,27.02,34.086666666666666,80.58666666666666,1.3703893333333332
2026-07-12 09:00:00,1693.0353333333333,414.42904,433.3715333333333,2.76758,221.66182,27.186666666666667,34.826666666666675,79.96000000000001,1.6930353333333332
2026-07-12 09:15:00,1696.602666666667,418.2869533333333,433.10049333333336,2.970193333333333,223.14478666666665,27.586666666666662,36.35333333333333,78.23333333333335,1.696602666666667
2026-07-12 09:30:00,1795.1146666666662,400.2490666666666,423.48848,3.1436,232.75042666666667,27.98,37.27333333333334,76.9,1.7951146666666662
2026-07-12 09:45:00,1815.9993333333337,394.47288,404.4381,2.60124,235.55764,28.113333333333337,37.306666666666665,75.46666666666667,1.8159993333333337
2026-07-12 10:00:00,1394.0560000000005,332.6203866666666,338.51986,2.7592799999999995,235.86995333333337,28.14,36.13999999999999,75.29333333333334,1.3940560000000004
2026-07-12 10:15:00,2431.4966666666664,573.2067333333333,615.1263133333334,3.0003933333333337,234.80242666666663,28.57333333333333,39.266666666666666,73.92666666666668,2.4314966666666664
2026-07-12 10:30:00,2680.549333333334,563.8297333333334,585.7475133333334,2.6157,234.1829666666667,28.8,41.586666666666666,72.83333333333333,2.680549333333334
2026-07-12 10:45:00,2832.266,686.3341,691.6078266666667,2.779193333333333,242.50739333333337,28.98,41.98,72.14000000000001,2.832266
2026-07-12 11:00:00,2872.6160000000004,642.6573266666668,661.2608533333333,2.9750400000000004,239.7231933333333,29.39333333333333,43.80666666666666,70.77333333333333,2.8726160000000003
2026-07-12 11:15:00,2592.186666666667,691.6331200000001,716.8999133333333,3.48732,231.05378666666667,29.44666666666666,44.03999999999999,69.67333333333333,2.592186666666667
2026-07-12 11:30:00,2650.9400000000005,541.49818,559.7234266666668,2.9735866666666664,236.77429333333333,29.58,41.88,70.12666666666665,2.6509400000000003
2026-07-12 11:45:00,2606.199333333333,604.5942,614.16764,2.7102533333333336,235.82396,29.83333333333333,44.11333333333334,68.48,2.606199333333333
2026-07-12 12:00:00,2902.917333333333,710.8491666666666,735.3411600000001,2.958226666666666,240.60452,30.05333333333333,44.04666666666666,68.15333333333332,2.902917333333333
2026-07-12 12:15:00,2416.603333333333,594.6436466666667,602.5821066666667,2.54314,242.20546,30.133333333333336,43.32666666666667,67.53333333333335,2.416603333333333
2026-07-12 12:30:00,2008.9433333333332,440.6200933333332,449.37218666666666,2.1741,235.4560066666667,30.126666666666672,40.60000000000001,67.28666666666668,2.0089433333333333
2026-07-12 12:45:00,2926.107333333334,646.2665533333333,681.2908933333333,2.0852866666666667,244.8131133333333,30.4,43.373333333333335,66.62000000000002,2.926107333333334
2026-07-12 13:00:00,2949.610666666667,724.6182533333333,747.96044,2.52274,237.53913333333333,30.95333333333333,45.84666666666666,65.53333333333333,2.949610666666667
2026-07-12 13:15:00,3764.004666666668,979.8912,998.8552133333334,2.472573333333333,240.13937333333337,31.466666666666665,49.97333333333334,63.6,3.764004666666668
2026-07-12 13:30:00,2787.8706666666662,684.7052733333333,707.1479866666667,3.42002,237.97536,31.293333333333337,47.173333333333325,63.60666666666668,2.787870666666666
2026-07-12 13:45:00,3045.05,703.4162,736.4300933333333,2.79312,238.7832533333333,31.71333333333333,47.31333333333334,61.88666666666668,3.0450500000000003
2026-07-12 14:00:00,1995.1946666666663,492.9410933333333,516.6931533333334,2.1550133333333337,230.03669333333332,31.146666666666665,42.67333333333333,62.786666666666655,1.9951946666666662
2026-07-12 14:15:00,2930.672,641.1811133333333,671.6634266666667,2.0835733333333333,240.44798666666665,31.613333333333333,44.42,62.0,2.930672
2026-07-12 14:30:00,2969.576666666667,721.8345666666667,769.2522933333333,2.954466666666667,238.6564,31.719999999999995,47.25333333333333,61.7,2.9695766666666668
2026-07-12 14:45:00,2534.371333333333,568.6379266666665,612.0942733333334,2.5683,250.9742933333333,31.64666666666666,44.56000000000001,62.373333333333335,2.534371333333333
2026-07-12 15:00:00,2328.7593333333334,511.4833066666667,547.1032066666667,2.5815733333333326,248.2242,31.55333333333333,42.440000000000005,62.16,2.3287593333333336
2026-07-12 15:15:00,2150.3326666666667,496.3713066666666,528.4443533333332,2.5307,247.23010000000005,31.493333333333336,42.38,62.10666666666666,2.150332666666667
2026-07-12 15:30:00,1580.8560000000002,372.87929333333335,393.6893066666666,2.70528,235.02202,31.293333333333337,39.88,62.48,1.5808560000000003
2026-07-12 15:45:00,2166.5033333333336,481.064,516.5730466666665,3.242106666666667,239.12154666666663,31.506666666666668,40.9,61.993333333333325,2.1665033333333334
2026-07-12 16:00:00,2086.766666666667,471.5048666666668,509.3109866666666,3.242386666666667,231.96034666666677,31.78666666666667,42.313333333333325,60.90666666666666,2.0867666666666667
2026-07-12 16:15:00,2103.6293333333333,453.5043266666667,496.63168666666667,2.46594,242.1639133333333,31.67333333333334,40.75333333333334,61.51333333333333,2.103629333333333
2026-07-12 16:30:00,1370.0606666666663,294.41432000000003,317.3110733333333,3.34926,235.27868666666663,31.51333333333333,38.75333333333334,61.25333333333334,1.3700606666666664
2026-07-12 16:45:00,1066.7973333333332,240.99756666666664,252.98628000000005,2.7414800000000006,243.0956866666667,31.126666666666672,36.29333333333333,62.09333333333333,1.0667973333333332
2026-07-12 17:00:00,1032.7679999999998,241.96983999999995,260.2748333333333,2.3919799999999998,251.5722133333333,31.066666666666663,35.65333333333333,62.32000000000001,1.032768
2026-07-12 17:15:00,956.726,219.1931533333333,239.05340666666672,2.45096,244.23224,30.973333333333333,35.01333333333333,63.25333333333334,0.956726
2026-07-12 17:30:00,813.6600000000001,184.96204666666665,201.75244666666663,3.175993333333333,242.99332666666663,30.826666666666664,34.36666666666666,63.43333333333332,0.81366
2026-07-12 17:45:00,573.194,132.3405866666667,142.92595333333333,2.5542799999999994,233.67849333333328,30.74,33.27333333333333,63.73333333333333,0.573194
2026-07-12 18:00:00,378.1886666666667,89.95836666666668,96.39706666666665,2.851993333333333,246.25529333333333,30.54,32.08,64.78666666666668,0.3781886666666667
2026-07-12 18:15:00,230.93466666666663,57.47349333333332,60.75916666666667,3.2975133333333337,234.41962,30.37333333333333,31.013333333333332,65.46,0.23093466666666662
2026-07-12 18:30:00,158.49533333333332,40.93595333333334,42.734253333333335,2.901320000000001,235.45450666666676,30.25333333333333,30.466666666666672,66.26,0.15849533333333332
2026-07-12 18:45:00,107.905,29.153475,30.61215,3.2388250000000003,232.418075,30.1,30.2,66.65,0.107905
2026-07-12 19:00:00,39.6625,13.30135,14.003825,3.187475,245.31532500000003,29.950000000000003,29.525,67.5,0.0396625
2026-07-12 19:15:00,6.509230769230769,5.134023076923077,5.642730769230768,2.348292307692308,235.1435692307693,29.78461538461538,29.04615384615385,68.4,0.00650923076923077
2026-07-12 20:45:00,0.0,0.7214999999999999,0.7442333333333334,0.9473,226.68905000000004,29.28333333333333,27.75,72.01666666666667,0.0
2026-07-12 21:00:00,0.0,0.0,-0.46498,0.9984600000000002,208.79124,29.28,27.73,72.56,0.0
2026-07-12 22:45:00,0.0,0.0,-0.403123076923077,1.843792307692308,215.22198461538463,28.16923076923077,27.24615384615384,78.80000000000001,0.0
2026-07-12 23:00:00,0.0,0.0,-0.26734,2.0049066666666664,213.41971333333333,28.006666666666668,27.26,79.69333333333334,0.0
2026-07-12 23:15:00,0.0,0.0,-0.4375133333333333,1.34714,225.52765333333332,27.926666666666662,27.25333333333333,80.37333333333335,0.0
2026-07-12 23:30:00,0.0,0.0,-0.1565133333333333,1.8188266666666668,223.34509333333332,27.873333333333328,27.30666666666667,80.53333333333333,0.0
2026-07-12 23:45:00,0.0,0.0,0.21335,1.99915,242.0549,27.8,27.3,80.7,0.0
2026-07-13 00:00:00,0.0,0.0,-0.0032799999999999,1.7193666666666665,210.41814,27.613333333333337,27.126666666666672,81.32,0.0
2026-07-13 00:15:00,0.0,0.0,0.0218866666666666,2.27584,218.80191999999997,27.42,26.9,81.92666666666666,0.0
2026-07-13 00:30:00,0.0,0.1024266666666666,-0.11856,2.20044,213.09776,27.306666666666665,26.786666666666672,82.30666666666667,0.0
2026-07-13 00:45:00,0.0,0.0,0.0161666666666666,2.2786866666666663,212.06804666666665,27.160000000000004,26.59333333333333,82.95333333333332,0.0
2026-07-13 01:00:00,0.0,0.0,-0.0316533333333333,2.091493333333333,216.54074,26.95333333333333,26.046666666666667,83.64666666666666,0.0
2026-07-13 01:15:00,0.0,0.0,-0.250975,2.278375,209.747675,26.9,25.825,83.85000000000001,0.0
2026-07-13 05:45:00,0.7953846153846157,3.768253846153847,4.157107692307693,1.3774307692307692,220.1028615384616,25.63846153846153,24.36153846153845,86.03076923076922,0.0007953846153846157
2026-07-13 06:00:00,54.652,17.399173333333334,18.728900000000003,2.0040866666666672,226.34740666666664,25.5,24.25333333333333,86.17333333333333,0.054652
2026-07-13 06:15:00,137.03266666666664,36.94170666666666,40.407826666666665,2.7666266666666663,227.34818666666663,25.56000000000001,24.77333333333333,85.82,0.13703266666666664
2026-07-13 06:30:00,224.2033333333333,57.776046666666666,63.32542666666667,1.87898,221.86656,25.626666666666672,25.38666666666666,85.35333333333334,0.22420333333333328
2026-07-13 06:45:00,346.1333333333334,87.28438666666666,96.99147999999998,1.7876200000000002,229.7859466666667,25.74666666666667,26.23333333333333,84.80000000000001,0.3461333333333334
2026-07-13 07:00:00,445.87466666666666,111.84819999999998,125.23947333333334,2.058053333333333,226.9891333333333,25.933333333333334,27.206666666666663,84.38000000000001,0.44587466666666664
2026-07-13 07:15:00,567.5706666666666,140.66178,154.34780666666666,2.0959666666666665,233.2133466666667,26.08,28.10666666666667,83.75999999999999,0.5675706666666667
2026-07-13 07:30:00,740.4053333333334,181.02213333333336,197.60314,1.61874,232.64284,26.34,29.486666666666668,83.28666666666665,0.7404053333333334
2026-07-13 07:45:00,797.8866666666664,190.53409333333332,202.69001333333333,1.6875,239.4687333333333,26.59333333333333,30.693333333333328,82.24666666666666,0.7978866666666664
2026-07-13 08:00:00,985.7553333333332,233.7975933333333,252.59892666666664,1.982493333333333,237.85444,26.700000000000003,31.339999999999996,81.36,0.9857553333333332
2026-07-13 08:15:00,1222.9253333333336,302.4991333333334,324.7230066666667,2.8858466666666667,241.31076666666664,26.89333333333333,32.453333333333326,80.11333333333332,1.2229253333333336
2026-07-13 08:30:00,1265.2459999999996,295.96926,314.99342,2.976573333333333,231.7578133333333,27.15333333333333,33.58,78.95333333333332,1.2652459999999996
2026-07-13 08:45:00,1471.2986666666663,345.5727133333333,372.2982666666666,2.110313333333333,229.76145333333332,27.44,34.94666666666667,77.77333333333334,1.4712986666666663
2026-07-13 09:00:00,1117.7006666666668,268.96986000000004,276.79716666666667,1.98764,234.74456000000004,27.62,34.64,77.18666666666667,1.117700666666667
2026-07-13 09:15:00,1316.8273333333334,314.3562733333334,326.0923466666667,1.9069,241.71584666666664,27.77333333333333,34.873333333333335,76.32,1.3168273333333333
2026-07-13 09:30:00,1784.0446666666664,415.3440933333333,438.4964533333334,2.388313333333333,238.31439333333327,28.106666666666666,36.473333333333336,74.79333333333332,1.7840446666666665
2026-07-13 09:45:00,1976.7246666666667,500.68742,531.9433333333333,2.7861866666666666,240.04738666666665,28.5,38.85333333333334,73.46666666666665,1.9767246666666667
2026-07-13 10:00:00,2311.141333333333,570.9964133333332,602.29422,2.6839066666666667,235.63034,28.74,40.720000000000006,72.33333333333333,2.311141333333333
2026-07-13 10:15:00,1969.918,470.9340333333333,491.23354,2.4929,248.82658666666669,28.90666666666667,39.38666666666667,72.1,1.9699179999999998
2026-07-13 10:30:00,2334.6893333333337,543.5298533333333,568.9905933333334,2.388993333333333,239.23208666666667,29.08,39.720000000000006,71.31999999999998,2.334689333333334
2026-07-13 10:45:00,2494.692666666667,576.6702733333333,599.1123200000001,2.6447666666666665,240.98806,29.48,42.16,69.74666666666667,2.494692666666667
2026-07-13 11:00:00,2743.284,656.85926,683.0803733333331,3.2032800000000003,249.25166666666664,29.86,43.74666666666666,68.89333333333335,2.743284
2026-07-13 11:15:00,2408.114666666667,557.3943266666666,573.46104,2.082953333333333,248.82881333333333,30.2,44.86666666666666,67.99333333333333,2.4081146666666666
2026-07-13 11:30:00,2650.7919999999995,630.6558333333334,648.2800733333333,2.3751799999999994,239.85672666666667,30.06,44.82666666666666,67.9,2.6507919999999996
2026-07-13 11:45:00,2833.0180000000005,743.9477200000001,766.0390533333333,2.4060666666666664,236.18005333333335,30.360000000000003,45.74,67.43333333333334,2.8330180000000005
2026-07-13 12:00:00,2753.1513333333337,676.5624000000001,687.9258466666666,2.4851,247.77239999999995,30.613333333333337,46.32000000000001,66.10666666666667,2.7531513333333337
2026-07-13 12:15:00,2853.2119999999995,671.5988133333334,687.0314999999999,2.0875533333333336,239.5874266666667,30.96,46.266666666666666,65.31333333333333,2.8532119999999996
2026-07-13 12:30:00,2336.6873333333333,545.1380733333333,571.7923133333333,2.8491866666666663,241.94506666666672,30.973333333333336,45.07333333333334,65.24666666666668,2.3366873333333333
2026-07-13 12:45:00,3298.885333333333,820.8316533333332,836.4597533333333,1.943313333333333,250.02320666666665,31.24,47.42666666666666,64.60000000000001,3.2988853333333332
2026-07-13 13:00:00,2252.2293333333337,548.8200533333334,563.1970999999999,1.95768,239.22466666666668,31.233333333333334,47.23333333333334,63.66666666666667,2.2522293333333336
2026-07-13 13:15:00,2902.348,664.5123933333332,681.3324933333332,1.83494,237.4256466666667,31.40666666666667,46.17333333333333,63.31999999999999,2.902348
2026-07-13 13:30:00,1970.8773333333336,470.69438666666673,487.8701066666666,1.6737399999999998,244.64248666666663,31.326666666666664,44.87333333333333,63.18,1.9708773333333336
2026-07-13 13:45:00,3250.55,793.4293266666665,823.4765666666667,2.2521,250.7346533333333,31.90666666666667,47.76,62.36,3.25055
2026-07-13 14:00:00,3304.4553333333333,795.9305133333331,826.6600866666668,2.40008,251.2554333333333,32.506666666666675,51.07333333333333,59.60666666666668,3.3044553333333333
2026-07-13 14:15:00,3116.247333333333,742.1226866666668,781.6123066666667,1.946566666666667,222.95932,32.46666666666666,50.43333333333333,59.22666666666667,3.116247333333333
2026-07-13 14:30:00,2301.877142857143,560.9072285714286,593.53335,2.251064285714285,230.9547571428571,32.285714285714285,47.15714285714286,59.33571428571429,2.301877142857143
2026-07-13 14:45:00,2414.2293333333337,561.3437200000001,582.8362799999999,2.3145933333333333,233.00488,32.233333333333334,46.79333333333334,60.01333333333333,2.4142293333333336
2026-07-13 15:00:00,2444.465333333333,549.3107066666668,594.7780866666668,1.90652,233.6658866666667,32.20666666666667,44.92666666666666,59.786666666666655,2.444465333333333
2026-07-13 15:15:00,2573.094545454546,599.4255454545454,645.4788363636363,2.8505545454545453,242.60821818181824,32.39090909090909,45.40909090909091,59.1,2.5730945454545457
2026-07-13 15:30:00,2099.433,480.0574500000001,516.19636,2.3888100000000003,232.62059,32.08,43.25,59.080000000000005,2.099433
2026-07-13 15:45:00,2159.7166666666667,482.5387133333333,526.70358,2.3270466666666665,232.98409333333333,32.09999999999999,42.833333333333336,59.56666666666668,2.1597166666666667
2026-07-13 16:00:00,1779.8080000000002,413.29566000000005,455.41691333333335,2.1960133333333336,232.9017666666667,32.013333333333335,41.68666666666666,59.42,1.7798080000000003
2026-07-13 16:15:00,1430.862,326.3725933333333,359.88108000000005,2.216613333333333,244.36503333333337,31.706666666666667,39.54666666666667,60.693333333333335,1.430862
2026-07-13 16:30:00,1451.9039999999998,332.16304,371.2016866666666,3.130673333333333,232.95518000000004,31.62666666666667,38.126666666666665,60.2,1.4519039999999999
2026-07-13 16:45:00,1408.5991666666669,322.50185833333336,365.10425,2.9098083333333338,233.7460083333333,31.59166666666667,38.05833333333334,59.84166666666667,1.4085991666666668
2026-07-13 17:00:00,1178.9316666666666,270.64401666666663,310.89922499999994,2.3267583333333337,241.61159166666667,31.450000000000003,36.90833333333333,61.15833333333333,1.1789316666666667
2026-07-13 17:15:00,976.0693333333332,230.20502666666667,265.3872666666667,2.350366666666667,239.39676,31.36,35.88666666666667,61.580000000000005,0.9760693333333332
2026-07-13 17:30:00,754.1286666666667,180.5706,210.52918666666665,2.785193333333333,235.31875333333332,31.186666666666667,34.86666666666667,62.446666666666665,0.7541286666666668
2026-07-13 17:45:00,610.956,146.84958666666668,172.19300666666666,2.668673333333333,242.1832,30.986666666666665,33.49333333333334,63.14666666666667,0.610956
2026-07-13 18:00:00,468.4913333333334,113.90428666666666,132.66853333333333,2.266713333333333,238.419,30.793333333333337,32.71333333333334,63.89333333333333,0.46849133333333337
2026-07-13 18:15:00,327.83133333333336,81.51832666666665,89.09354666666668,2.4514666666666667,227.57890666666663,30.553333333333327,31.57333333333333,64.47333333333333,0.32783133333333336
2026-07-13 18:30:00,222.05866666666668,56.91436,64.40322,2.258153333333333,232.46778000000003,30.42666666666666,30.76,64.58,0.22205866666666668
2026-07-13 18:45:00,131.44400000000002,35.53822,40.118406666666665,3.1060200000000004,238.99246,30.23333333333333,30.06000000000001,64.86666666666666,0.131444
2026-07-13 19:00:00,39.90533333333333,13.87158666666667,15.4081,2.063646666666666,237.43975333333336,30.106666666666676,29.4,65.16666666666666,0.039905333333333334
2026-07-13 19:15:00,0.0,3.631973333333333,3.9408266666666663,2.5808866666666663,232.88618666666665,30.03333333333334,28.92,64.99999999999999,0.0
2026-07-13 19:30:00,0.0,1.7027,2.0007333333333333,3.713133333333333,231.25336666666664,29.96666666666667,28.766666666666666,65.13333333333333,0.0
2026-07-13 22:00:00,0.0,0.0,0.1113076923076922,1.3361153846153846,203.68233076923076,29.161538461538463,27.00769230769231,68.77692307692308,0.0
2026-07-13 22:15:00,0.0,0.0,0.0797714285714285,1.3861285714285714,222.07067142857144,29.1,27.214285714285715,70.22857142857143,0.0
2026-07-14 05:30:00,0.0,0.8731777777777778,1.123888888888889,2.2392777777777777,240.1717888888889,25.433333333333334,23.888888888888893,84.18888888888888,0.0
2026-07-14 05:45:00,3.564285714285714,4.514707142857142,5.136964285714286,2.6523714285714286,237.2476000000001,25.35,23.757142857142856,84.56428571428572,0.003564285714285714
2026-07-14 06:00:00,51.95666666666667,16.777753333333333,19.067786666666667,2.4229199999999995,235.70154666666664,25.31333333333334,23.90666666666667,84.76,0.05195666666666667
2026-07-14 06:15:00,129.0966666666667,35.500033333333334,40.00478,2.12666,238.3959933333333,25.300000000000008,24.34666666666667,85.06666666666666,0.1290966666666667
2026-07-14 06:30:00,227.232,59.45403333333333,67.41468666666667,1.516986666666667,247.7687,25.35333333333333,25.02,85.1,0.227232
2026-07-14 06:45:00,337.738,86.72477333333335,99.96130666666669,1.5086400000000002,239.56220666666667,25.473333333333336,25.926666666666662,84.74000000000001,0.337738
2026-07-14 07:00:00,457.1293333333333,118.16664666666664,136.95551999999998,2.1454266666666664,237.90710666666664,25.61333333333333,26.93333333333333,84.15333333333334,0.45712933333333333
2026-07-14 07:15:00,614.2733333333332,157.87071333333333,181.63879333333333,2.5464266666666666,247.45933333333335,25.80666666666667,28.08,83.32666666666665,0.6142733333333332
2026-07-14 07:30:00,767.5566666666667,195.77164,223.20402,2.434393333333334,237.5250466666666,26.040000000000003,29.29333333333333,82.01333333333334,0.7675566666666668
2026-07-14 07:45:00,946.6393333333332,240.78829333333337,273.23352000000006,2.3776200000000003,235.5799,26.313333333333336,30.55333333333333,80.48666666666666,0.9466393333333332
2026-07-14 08:00:00,1086.7793333333334,268.27868666666666,299.33682000000005,2.338773333333333,228.3059133333333,26.62,31.926666666666662,78.82,1.0867793333333333
2026-07-14 08:15:00,1268.2940000000003,301.35711999999995,334.3736466666668,2.05578,242.98145333333332,26.7,32.599999999999994,78.33333333333333,1.2682940000000003
2026-07-14 08:30:00,1521.5813333333333,375.26796,417.78423333333336,2.199553333333333,244.5415933333333,27.1,34.35333333333333,76.78666666666666,1.5215813333333332
2026-07-14 08:45:00,1614.7473333333337,389.54863333333327,428.36909333333335,2.308053333333333,242.8738733333334,27.4,35.553333333333335,75.56,1.6147473333333338
2026-07-14 09:00:00,1637.8033333333335,433.2493733333334,473.78030666666666,2.5679799999999995,231.04415333333333,27.606666666666676,36.43333333333333,73.70666666666668,1.6378033333333335
2026-07-14 09:15:00,1757.0,417.9553333333333,451.57020666666665,2.3898266666666665,228.43131333333335,27.826666666666668,37.173333333333325,72.32666666666667,1.757
2026-07-14 09:30:00,2126.3413333333333,504.54287333333326,553.2215866666667,2.6451866666666666,253.7406866666667,28.213333333333328,38.773333333333326,71.18,2.1263413333333334
2026-07-14 09:45:00,2424.343333333333,567.1806199999999,613.96694,2.5793466666666665,236.5228,28.62666666666667,41.02666666666666,69.47333333333333,2.424343333333333
2026-07-14 10:00:00,2101.3086666666663,545.75242,593.3362,2.779386666666667,237.68678000000003,28.826666666666664,41.62,67.98666666666666,2.1013086666666663
2026-07-14 10:15:00,2932.7433333333333,688.9388533333333,733.7112733333332,2.845246666666667,240.8805,28.96666666666668,41.986666666666665,66.80666666666667,2.9327433333333333
2026-07-14 10:30:00,2771.0860000000007,632.2239533333334,662.5057199999998,2.483366666666667,248.68712,29.22666666666667,42.79999999999999,65.72,2.771086000000001
2026-07-14 10:45:00,3103.8213333333333,747.9795266666666,791.62462,2.7099666666666664,239.76028666666664,29.56666666666667,45.00666666666667,64.94,3.1038213333333333
2026-07-14 11:00:00,3205.690666666667,813.8424533333334,868.0197066666666,2.0559133333333337,250.79698,29.93333333333333,47.620000000000005,64.25333333333334,3.205690666666667
2026-07-14 11:15:00,2981.5513333333333,767.5454800000001,802.7271666666668,1.805,245.60468666666665,30.2,48.12,64.26666666666668,2.9815513333333334
2026-07-14 11:30:00,2794.314,692.1275533333334,729.5032600000001,2.45624,240.3686,30.266666666666666,45.86666666666667,63.57333333333333,2.794314
2026-07-14 11:45:00,3246.104666666667,843.8150066666668,888.5352133333333,2.413860000000001,238.73874,30.51333333333333,47.68666666666668,63.97333333333333,3.246104666666667
2026-07-14 12:00:00,3452.662666666666,838.3801933333335,887.1427866666667,2.6678533333333334,249.68862666666664,30.85333333333333,49.41333333333333,62.39333333333334,3.452662666666666
2026-07-14 12:15:00,2747.190666666667,617.8747733333332,644.5806266666665,2.035066666666667,236.1236933333333,30.820000000000004,47.193333333333335,62.373333333333335,2.747190666666667
2026-07-14 12:30:00,2614.284,695.6253266666666,713.7902133333333,2.2329533333333336,243.97627333333332,30.866666666666664,46.27333333333333,62.82666666666667,2.614284
2026-07-14 12:45:00,2455.029333333334,588.70812,619.2506133333335,2.21568,246.70930666666663,31.18,46.34666666666667,61.95333333333334,2.455029333333334
2026-07-14 13:00:00,2915.417333333333,659.9732133333333,695.2029799999999,2.6908066666666666,250.68048666666667,31.16,44.95333333333333,61.54666666666669,2.915417333333333
2026-07-14 13:15:00,2641.1,550.95858,588.9564066666666,1.7489666666666666,242.59790666666663,31.25333333333333,45.82000000000001,61.11333333333334,2.6411
2026-07-14 13:30:00,2485.7326666666672,648.4913066666668,686.8358333333332,1.92244,250.85557333333333,31.42,44.626666666666665,59.79333333333333,2.4857326666666673
2026-07-14 13:45:00,2503.0426666666667,641.7462066666666,681.6828399999998,2.45948,248.3251,31.580000000000005,45.62666666666667,59.38,2.5030426666666665
2026-07-14 14:00:00,2958.258666666666,665.9387933333334,698.1913733333332,2.03714,246.6136133333333,32.01333333333333,46.42666666666666,57.63999999999999,2.958258666666666
2026-07-14 14:15:00,2500.6933333333336,583.3794999999999,627.4200933333333,2.5509133333333334,245.53198000000003,31.953333333333337,47.14,58.14,2.5006933333333334
2026-07-14 14:30:00,2900.2086666666664,670.21478,725.69856,1.9557066666666667,254.68432666666664,32.21333333333334,46.50666666666667,57.21333333333333,2.9002086666666664
2026-07-14 14:45:00,2240.116,532.5317866666667,580.95198,2.1941866666666665,243.7144066666667,32.013333333333335,45.57333333333335,57.940000000000005,2.240116
2026-07-14 15:00:00,2722.170666666667,638.9652266666667,702.0502733333334,1.9924666666666668,239.79366666666667,32.14,45.24666666666667,57.11333333333334,2.722170666666667
2026-07-14 15:15:00,2275.208,542.1211866666667,592.9148333333331,2.2017333333333338,245.0683,32.39333333333334,45.633333333333326,56.37333333333335,2.275208
2026-07-14 15:30:00,1975.6600000000003,441.1533600000001,495.1881733333333,2.171073333333333,247.18632666666664,32.00000000000001,42.220000000000006,57.38666666666667,1.9756600000000004
2026-07-14 15:45:00,1718.7220000000002,406.96390666666673,447.8522133333333,1.9257266666666664,261.74612666666667,32.18666666666667,41.84666666666667,56.24666666666667,1.7187220000000003
2026-07-14 16:00:00,1650.0426666666665,385.6672266666666,435.8285866666667,2.26654,252.41645333333332,32.14666666666667,41.09333333333333,56.27333333333333,1.6500426666666665
2026-07-14 16:15:00,1427.964,321.96942000000007,359.7807399999999,2.8848266666666667,258.1057866666667,31.826666666666664,38.61333333333334,56.66666666666666,1.427964
2026-07-14 16:30:00,1362.9399999999998,320.6923933333333,362.3378,2.0185533333333336,236.35364666666663,32.08,39.43333333333333,57.32000000000001,1.3629399999999998
2026-07-14 16:45:00,974.9833333333332,228.94014,255.80866,1.8872133333333327,268.1305933333333,31.83333333333334,37.70666666666667,57.73333333333335,0.9749833333333332
2026-07-14 17:00:00,1114.8486666666663,256.02556666666663,290.3397999999999,2.44446,251.36228,31.659999999999997,36.82,58.260000000000005,1.1148486666666664
2026-07-14 17:15:00,999.1646666666668,235.59920666666665,263.9822066666666,2.5217266666666664,243.48666000000003,31.67333333333333,37.086666666666666,58.386666666666656,0.9991646666666668
2026-07-14 17:30:00,678.9966666666666,161.4734133333333,183.88493333333332,1.5788533333333334,229.24363333333335,31.586666666666652,36.04666666666667,58.86,0.6789966666666666
2026-07-14 17:45:00,516.0766666666666,126.49344666666666,137.62694666666667,1.7791399999999995,253.1828,31.32,33.986666666666665,59.38,0.5160766666666666
2026-07-14 18:00:00,418.922,104.30436,112.86490666666666,1.858446666666666,246.84136,31.006666666666668,32.74666666666666,60.51999999999999,0.418922
2026-07-14 18:15:00,405.5683333333333,98.45171666666666,113.01334166666668,1.6152666666666669,235.1574,30.90833333333333,32.33333333333333,60.99166666666665,0.4055683333333333
2026-07-14 18:30:00,288.8926666666667,72.63278666666666,82.15120666666667,1.7418800000000003,248.98683333333332,30.63333333333334,31.49333333333333,61.96666666666667,0.2888926666666667
2026-07-14 18:45:00,174.63875,46.2818375,51.2975,1.6689999999999998,224.659125,30.450000000000003,30.5,62.225,0.17463874999999998
2026-07-14 19:00:00,81.01545454545455,24.07722727272727,26.1714,1.9836454545454545,234.28350909090904,30.34545454545454,29.69090909090909,62.21818181818182,0.08101545454545454
2026-07-14 20:15:00,11.683333333333332,4.912333333333334,5.316866666666667,1.6253000000000002,243.67583333333332,29.73333333333333,28.03333333333333,64.43333333333334,0.011683333333333332
2026-07-14 20:30:00,0.0,0.0,-0.2148133333333333,1.3973866666666668,239.4709666666667,29.326666666666668,27.166666666666675,65.72,0.0
2026-07-14 20:45:00,0.0,0.0,-0.2873,1.3410799999999998,232.3001,29.32,27.160000000000004,65.85999999999999,0.0
2026-07-15 05:15:00,0.0,0.0,-0.7534,1.1357,235.3447,25.8,24.2,86.3,0.0
2026-07-15 05:30:00,0.0,0.0595071428571428,0.2625642857142857,1.576457142857143,235.58954285714285,25.83571428571429,24.221428571428568,85.92142857142858,0.0
2026-07-15 05:45:00,1.8736363636363635,4.123163636363636,4.688918181818182,1.412690909090909,243.98302727272724,25.77272727272728,24.05454545454545,86.14545454545456,0.0018736363636363636
2026-07-15 06:00:00,44.43133333333333,14.850073333333333,16.504793333333332,1.3344266666666666,238.80846666666667,25.71999999999999,24.10666666666667,86.36666666666665,0.04443133333333333
2026-07-15 06:15:00,119.07533333333336,33.16401333333333,37.12826,0.8167866666666667,235.79576,25.74,24.473333333333336,86.61333333333333,0.11907533333333337
2026-07-15 06:30:00,216.56333333333336,57.20463333333333,64.82047333333334,0.9213733333333334,234.33356,25.840000000000007,25.293333333333337,86.77333333333333,0.21656333333333336
2026-07-15 06:45:00,330.984,86.68959999999998,99.22266,0.9900199999999998,235.12364666666664,26.05333333333334,26.55333333333333,86.34666666666666,0.330984
2026-07-15 07:00:00,461.6213333333333,120.34732,138.15765333333334,1.07058,243.83534,26.293333333333333,27.94,85.48666666666668,0.46162133333333333
2026-07-15 07:15:00,607.7773333333333,158.66699999999997,181.59146,1.2443266666666668,244.89916,26.58,29.246666666666663,84.41333333333333,0.6077773333333333
2026-07-15 07:30:00,767.788,195.99732,224.0458,1.063246666666667,247.9126133333333,26.966666666666665,30.81333333333333,83.03999999999999,0.767788
2026-07-15 07:45:00,957.7793333333336,247.13505333333336,279.99324,1.4302333333333337,249.99947333333336,27.226666666666663,32.25333333333334,81.61333333333333,0.9577793333333336
2026-07-15 08:00:00,1153.6826666666668,296.5062866666667,333.10543333333334,1.6634999999999998,237.67120000000003,27.600000000000005,34.02,80.05333333333333,1.1536826666666669
2026-07-15 08:15:00,1314.3206666666667,340.0590066666667,378.5217733333333,1.5717666666666672,249.39263333333332,27.840000000000007,35.54,78.4,1.3143206666666667
2026-07-15 08:30:00,1575.6700000000003,391.75235333333336,431.3231133333333,1.4126266666666667,246.97712666666672,28.51333333333333,37.64666666666667,76.50666666666666,1.5756700000000003
2026-07-15 08:45:00,1793.0880000000002,441.01196,488.1222466666666,1.6999266666666666,241.0674333333333,28.8,39.57333333333334,74.74666666666667,1.7930880000000002
2026-07-15 09:00:00,1973.618,492.7624,535.4801400000001,1.4217799999999998,251.99434666666664,29.293333333333337,41.266666666666666,72.50000000000001,1.9736179999999999
2026-07-15 09:15:00,1689.5186666666664,409.73603333333335,442.1746733333333,1.5586533333333332,248.3510533333333,29.386666666666663,41.13333333333334,71.94,1.6895186666666664
2026-07-15 09:30:00,1849.1153333333332,458.9621066666666,494.99941999999993,1.4118066666666669,247.8451,29.279999999999998,40.673333333333325,71.94,1.8491153333333332
2026-07-15 09:45:00,1870.446666666667,435.9494666666667,460.9904866666666,1.6829733333333337,239.65715333333335,29.346666666666668,41.00666666666667,71.43333333333334,1.870446666666667
2026-07-15 10:00:00,1851.9473333333333,484.89946,531.4905533333334,2.0989533333333337,245.67440666666667,29.52666666666666,41.72,70.47333333333333,1.8519473333333334
2026-07-15 10:15:00,1940.390666666667,495.0302133333334,522.3440133333334,1.951126666666667,237.53248,29.8,43.18666666666668,69.59333333333333,1.9403906666666668
2026-07-15 10:30:00,2433.099333333334,573.3812866666667,612.82414,1.69876,243.24924666666664,30.113333333333337,44.55333333333333,68.68,2.433099333333334
2026-07-15 10:45:00,2250.258,512.32128,549.3912399999998,1.576146666666667,259.4018466666667,30.613333333333333,44.766666666666666,67.11333333333333,2.2502579999999996
2026-07-15 11:00:00,1823.9386666666664,458.87368,506.9149533333333,1.7803600000000004,250.49576666666664,30.62,43.95333333333333,67.03333333333333,1.8239386666666664
2026-07-15 11:15:00,2236.370666666667,484.3011533333332,510.98791333333327,1.5975266666666668,257.24152,30.73333333333333,43.18,65.01333333333334,2.236370666666667
2026-07-15 11:30:00,2008.0980000000009,438.4298533333333,460.0256133333333,1.4099133333333331,256.1294733333333,30.7,41.31333333333334,64.21333333333334,2.008098000000001
2026-07-15 11:45:00,3027.962,795.6718000000001,843.1181866666666,1.3809733333333336,239.91978666666677,31.28,48.05333333333333,63.493333333333325,3.027962
2026-07-15 12:00:00,2806.089333333333,693.9364133333332,741.7247333333333,1.731933333333333,242.88502000000005,31.493333333333336,49.866666666666674,62.48000000000001,2.806089333333333
2026-07-15 12:15:00,3342.532,841.2876666666667,883.8063333333336,1.4876266666666664,241.30038666666672,31.89333333333333,51.52,60.52666666666667,3.3425320000000003
2026-07-15 12:30:00,3092.887333333333,777.3584333333332,830.6986799999999,2.18096,243.8709466666667,32.03333333333334,51.99333333333334,58.92666666666666,3.092887333333333
2026-07-15 12:45:00,3347.955333333334,835.9553,875.8083266666667,1.13754,241.51180666666667,32.36,53.36666666666667,59.12666666666667,3.3479553333333336
2026-07-15 13:00:00,3455.449333333333,891.0744733333333,939.1825199999998,1.6825133333333333,250.04546,32.68,53.473333333333336,57.43999999999999,3.455449333333333
2026-07-15 13:15:00,3425.1786666666662,853.5256733333333,905.3056,1.9011333333333331,242.6060733333333,32.82,53.32666666666667,54.866666666666674,3.425178666666666
2026-07-15 13:30:00,2127.1313333333333,487.0247600000001,518.45458,1.3875133333333334,250.66566,32.62666666666666,48.99333333333334,55.56666666666669,2.1271313333333333
2026-07-15 13:45:00,2845.7973333333334,764.2279866666667,807.1677,2.0238466666666666,250.19533333333337,32.6,48.42,56.11333333333333,2.8457973333333335
2026-07-15 14:00:00,2861.7846666666665,648.7530066666666,699.9917399999999,1.4557133333333334,240.1668333333333,32.760000000000005,50.17333333333334,53.65333333333332,2.8617846666666664
2026-07-15 14:15:00,2926.414,761.78198,824.0591133333332,1.813173333333333,246.5171733333333,33.18666666666666,52.22,52.58,2.9264140000000003
2026-07-15 14:30:00,2826.9346666666665,692.5730666666666,753.929,1.8199733333333328,232.3438733333333,33.21333333333333,51.47333333333333,51.37333333333333,2.8269346666666664
2026-07-15 14:45:00,2270.9633333333336,544.37378,593.1705200000001,1.2465266666666668,243.72331333333335,33.026666666666664,49.14000000000001,53.14,2.2709633333333334
2026-07-15 15:00:00,2332.0353333333337,543.6934066666665,592.0729266666666,1.514773333333333,238.8448133333334,33.08666666666667,47.16666666666667,54.03999999999999,2.3320353333333337
2026-07-15 15:15:00,2389.202666666667,558.6836266666667,620.1615666666665,1.5895533333333334,241.40426000000005,32.87333333333333,46.56,53.440000000000005,2.389202666666667
2026-07-15 15:30:00,2394.887333333333,573.46488,637.60444,2.2895266666666667,229.10416000000004,33.1,46.24666666666667,53.15999999999999,2.394887333333333
2026-07-15 15:45:00,2231.1286666666665,529.5546133333334,597.5410266666669,2.203246666666667,240.60824666666664,33.126666666666665,46.12,53.59333333333333,2.2311286666666663
2026-07-15 16:00:00,1936.380666666667,455.4200533333334,517.34988,1.35548,246.2641933333333,33.1,45.42666666666667,52.16,1.936380666666667
2026-07-15 16:15:00,1706.121333333333,401.42774,455.10449333333327,1.7495000000000007,247.51720000000003,32.93999999999999,43.086666666666666,53.04666666666667,1.706121333333333
2026-07-15 16:30:00,1596.5253333333335,376.1959933333333,438.3904933333334,1.576293333333333,245.88286666666664,32.86666666666666,42.32000000000001,53.59333333333334,1.5965253333333336
2026-07-15 16:45:00,1354.8186666666666,321.2053066666666,376.4711866666666,1.4961266666666664,238.60742666666667,32.70666666666667,40.74666666666667,53.7,1.3548186666666666
2026-07-15 17:00:00,1132.036,271.53262666666666,321.59371333333337,1.3813733333333331,236.34622,32.586666666666666,39.3,54.21333333333334,1.132036
2026-07-15 17:15:00,950.6013333333334,231.57130666666671,275.7815933333333,1.5372,243.00296666666665,32.39999999999999,37.99333333333334,54.88,0.9506013333333334
2026-07-15 17:30:00,750.2399999999999,185.27168666666668,223.7763466666667,1.9026533333333333,247.08098666666672,32.1,36.32666666666667,56.53999999999999,0.7502399999999999
2026-07-15 17:45:00,574.9573333333333,143.45899999999995,174.7475333333333,1.4950733333333333,240.61342666666667,32.026666666666664,35.17333333333333,56.1,0.5749573333333333
2026-07-15 18:00:00,426.54800000000006,107.79028666666667,131.83095333333333,1.4027733333333334,251.37636000000003,31.62666666666667,33.61999999999999,56.7,0.42654800000000004
2026-07-15 18:15:00,299.97533333333337,77.27785999999999,93.82239333333334,1.6166866666666666,254.3616066666667,31.326666666666664,32.32,57.946666666666665,0.29997533333333337
2026-07-15 18:30:00,190.44199999999995,51.37792,60.73721333333334,1.7574800000000002,239.04884,31.16,31.19333333333333,58.67333333333333,0.19044199999999994
2026-07-15 18:45:00,139.16,38.9933,45.5233,2.0866,234.6659,31.2,30.7,58.2,0.13916
2026-07-15 19:15:00,136.0,38.546,44.5521,1.6275,207.0798,31.2,30.7,58.6,0.136
2026-07-15 19:30:00,0.0,0.1137142857142857,0.1851071428571428,1.129064285714286,243.90766428571428,30.13571428571429,27.86428571428572,61.77857142857143,0.0
2026-07-15 19:45:00,0.0,0.0,-0.5052,0.4659,238.9056,30.0,27.6,62.1,0.0
2026-07-15 20:30:00,0.0,0.0,-0.1541999999999999,0.8280499999999998,252.5995166666667,29.216666666666672,26.691666666666663,65.60833333333333,0.0
2026-07-15 20:45:00,0.0,0.0,-0.1063166666666666,0.8781166666666667,258.50010000000003,29.0,26.4,66.4,0.0
2026-07-15 21:00:00,0.0,0.0,-0.057,0.7841,250.8014,29.0,26.4,66.4,0.0
2026-07-15 21:15:00,0.0,0.0,-0.3859076923076924,0.8455769230769232,243.83532307692303,28.899999999999995,26.25384615384615,67.41538461538461,0.0
2026-07-15 21:30:00,0.0,0.0,-0.4297666666666666,0.7423000000000001,250.9089833333333,28.8,26.116666666666664,67.74999999999999,0.0
2026-07-15 21:45:00,0.0,0.0,-0.3600090909090909,0.7826636363636365,242.8318,28.66363636363636,25.9,68.60909090909092,0.0
2026-07-15 22:00:00,0.0,0.0,-0.17362,0.61336,253.46211,28.44,25.71,69.34,0.0
2026-07-15 22:15:00,0.0,0.0,-0.2375166666666666,0.8510833333333331,249.79620000000003,28.36666666666667,25.666666666666668,69.53333333333333,0.0
2026-07-15 22:30:00,0.0,0.0,-0.2462499999999999,0.6483166666666667,245.85878333333332,28.316666666666663,25.6,69.91666666666667,0.0
2026-07-16 05:30:00,0.0,0.3966777777777778,0.5775111111111112,1.0784666666666665,231.76027777777776,24.6,22.688888888888883,83.96666666666665,0.0
2026-07-16 05:45:00,0.0,3.023081818181818,3.4023181818181825,1.6536636363636363,238.41299090909092,24.60909090909091,22.71818181818181,83.99090909090908,0.0
2026-07-16 06:00:00,30.180666666666664,11.818106666666669,13.1992,1.7038866666666663,228.3267,24.526666666666664,22.87333333333333,84.25999999999999,0.030180666666666665
2026-07-16 06:15:00,92.09466666666664,27.29205333333334,29.93700666666667,1.2896866666666669,245.93406,24.5,23.279999999999998,84.32666666666667,0.09209466666666664
2026-07-16 06:30:00,144.3106666666667,41.136893333333326,43.60588666666667,1.055753333333333,232.4380933333333,24.5,23.83333333333333,84.52666666666667,0.1443106666666667
2026-07-16 06:45:00,228.31066666666663,61.81843999999999,68.02137333333333,1.2239800000000003,240.74844666666667,24.56,24.48,84.77999999999999,0.22831066666666663
2026-07-16 07:00:00,408.79533333333336,108.35472666666666,127.19270666666668,1.4574333333333334,246.75604,24.826666666666664,25.766666666666666,84.55999999999999,0.40879533333333334
2026-07-16 07:15:00,611.2493333333333,164.2026,191.56782666666663,1.44566,242.7893,25.313333333333336,27.87333333333334,83.38000000000001,0.6112493333333333
2026-07-16 07:30:00,779.1873333333332,206.89648,237.3945133333333,1.4640799999999998,243.8754,25.766666666666666,29.506666666666668,82.44666666666666,0.7791873333333332
2026-07-16 07:45:00,918.664,238.69268,268.99172,1.6037933333333334,251.60338,26.23333333333333,31.19333333333334,81.31333333333333,0.918664
2026-07-16 08:00:00,1188.1226666666666,294.09142,326.1149,1.8107800000000005,261.7387,26.726666666666667,32.34,80.05333333333333,1.1881226666666667
2026-07-16 08:15:00,1520.55,388.24995999999993,427.2696533333332,1.9591066666666668,263.74174000000005,27.386666666666667,34.62,77.75333333333333,1.5205499999999998
2026-07-16 08:30:00,1759.6686666666667,442.84648,489.0070733333333,2.2395,263.3804533333333,27.886666666666667,37.32666666666667,76.25333333333333,1.7596686666666668
2026-07-16 08:45:00,1860.486,467.97080000000005,512.8890200000001,1.64956,251.22058666666663,28.233333333333334,39.013333333333335,75.19333333333333,1.860486
2026-07-16 09:00:00,2093.2833333333338,523.47822,571.5405533333334,1.797926666666667,255.4847866666667,28.700000000000003,41.00666666666666,73.61333333333336,2.093283333333334
2026-07-16 09:15:00,2259.276666666666,565.3167866666666,613.8475066666667,1.9123066666666664,271.02608,29.05333333333333,41.406666666666666,72.12666666666665,2.259276666666666
2026-07-16 09:30:00,2451.287333333333,614.39388,662.7121599999999,1.8425933333333333,266.34565999999995,29.39333333333333,41.986666666666665,70.77333333333333,2.451287333333333
2026-07-16 09:45:00,2406.59,601.5662400000001,644.3208533333333,1.7481466666666663,278.15388666666666,29.82,42.25333333333334,68.04666666666667,2.40659
2026-07-16 10:00:00,2741.4259999999995,691.54702,736.2887933333333,1.50846,269.3286933333333,30.08666666666666,43.806666666666665,67.25333333333333,2.7414259999999997
2026-07-16 10:15:00,2920.0533333333337,736.2255866666667,779.8870333333333,1.90456,273.13149333333337,30.69333333333333,45.273333333333326,65.22666666666666,2.9200533333333336
2026-07-16 10:30:00,3022.632666666667,767.3136133333335,810.5876533333333,1.3871,265.7989133333333,31.05333333333333,47.18,63.73333333333333,3.022632666666667
2026-07-16 10:45:00,3132.8520000000003,795.4385866666668,837.8800266666665,1.76374,260.8462466666667,31.34,48.91333333333334,63.21333333333333,3.132852
2026-07-16 11:00:00,3224.1106666666665,808.2349666666668,850.0019666666666,2.0603666666666665,266.6794933333333,31.89333333333333,49.580000000000005,60.50666666666666,3.2241106666666663
2026-07-16 11:15:00,3249.256,855.0624066666664,894.99158,1.4518799999999998,251.0232466666667,32.28,51.7,59.12,3.249256
2026-07-16 11:30:00,3385.830666666667,873.8071666666667,909.5016933333334,1.7119533333333332,259.36546666666675,32.4,53.42,58.29333333333332,3.385830666666667
2026-07-16 11:45:00,3179.6466666666665,798.0907066666666,817.8985866666667,1.51884,260.6934133333333,32.559999999999995,53.03333333333333,57.8,3.1796466666666667
2026-07-16 12:00:00,3313.782,875.55178,907.8999533333332,1.8196,254.33862,32.75333333333332,52.60666666666667,56.71333333333334,3.3137820000000002
2026-07-16 12:15:00,3280.461333333333,869.2841733333333,895.9357666666666,1.3653866666666667,259.78094,33.22666666666667,53.89333333333334,55.66666666666666,3.2804613333333332
2026-07-16 12:30:00,3756.724,978.7213,1012.1898333333334,1.621613333333333,252.56927333333337,33.63333333333333,57.66,54.35333333333335,3.756724
2026-07-16 12:45:00,3535.7200000000003,887.2667799999999,930.1454533333332,1.5500533333333333,257.50562666666667,33.7,55.59333333333334,54.06,3.5357200000000004
2026-07-16 13:00:00,3320.302,869.7292,909.0607866666668,1.771626666666667,253.05964666666665,33.940000000000005,58.080000000000005,52.973333333333336,3.3203020000000003
2026-07-16 13:15:00,2215.257333333333,548.2783533333333,572.7617866666666,1.6677466666666667,245.88732666666667,33.21333333333334,48.61333333333334,54.566666666666656,2.215257333333333
2026-07-16 13:30:00,3099.671333333333,732.9711666666667,768.7055466666665,1.38658,269.8910333333333,33.846666666666664,50.08000000000001,53.1,3.0996713333333332
2026-07-16 13:45:00,2497.1540000000005,611.7158000000001,651.6102,1.7554466666666666,245.8457733333333,33.660000000000004,50.813333333333325,52.88666666666666,2.4971540000000005
2026-07-16 14:00:00,2515.6533333333336,657.4059066666665,699.8458066666666,1.7292266666666665,268.1253866666667,33.586666666666666,47.90666666666666,53.07333333333334,2.5156533333333337
2026-07-16 14:15:00,3177.514,557.3295999999999,593.6393133333333,1.7316266666666666,264.62158666666664,33.693333333333335,46.72,52.673333333333325,3.177514
2026-07-16 14:30:00,3231.669333333333,801.14962,863.1551466666668,1.4302199999999998,250.79252,34.07333333333334,51.14,52.786666666666655,3.2316693333333326
2026-07-16 14:45:00,2943.9786666666664,749.4247066666667,818.0560133333332,1.5082933333333337,258.92111333333327,34.34666666666667,53.67999999999999,51.92666666666667,2.9439786666666663
2026-07-16 15:00:00,2813.3013333333324,676.9293866666666,753.32886,1.58052,261.83812,34.28666666666666,50.93333333333332,51.65333333333333,2.8133013333333325
2026-07-16 15:15:00,2214.088666666666,606.7664733333332,671.8165000000001,1.07966,254.25554000000005,34.093333333333334,49.626666666666665,51.07333333333333,2.214088666666666
2026-07-16 15:30:00,2582.5046666666667,623.3692133333333,698.6168066666668,1.5451066666666666,256.9084266666666,34.2,48.81999999999999,50.120000000000005,2.582504666666667
2026-07-16 15:45:00,2360.097333333333,531.2735666666666,601.7221533333335,1.3884466666666668,264.13195333333334,34.18,47.09333333333334,50.85333333333333,2.360097333333333
2026-07-16 16:00:00,1787.4719999999995,418.7970800000001,474.59868666666665,2.11616,256.1784466666667,33.96,45.1,51.18666666666666,1.7874719999999995
2026-07-16 16:15:00,1811.4940000000004,440.87768,502.7295466666667,1.616546666666667,241.43095333333332,33.75333333333334,44.43999999999999,50.806666666666665,1.8114940000000004
2026-07-16 16:30:00,1222.3326666666665,289.3246933333333,325.517,1.4902133333333332,250.7391066666667,33.60666666666666,42.27333333333333,50.70666666666667,1.2223326666666665
2026-07-16 16:45:00,1332.8966666666668,317.0013666666666,364.04230666666666,1.376253333333333,244.0816333333333,33.39333333333334,40.74666666666668,51.88,1.3328966666666668
2026-07-16 17:00:00,1219.944,300.4779333333334,357.4586,1.569686666666667,248.05800666666664,33.54666666666666,40.906666666666666,51.646666666666654,1.219944
2026-07-16 17:15:00,889.0786666666667,224.66065333333336,271.60971333333333,1.3798866666666665,247.3228333333333,33.13333333333333,38.72666666666667,52.12666666666666,0.8890786666666667
2026-07-16 17:30:00,791.7426666666668,200.7074066666667,251.08904,1.1285866666666668,239.72616666666664,33.059999999999995,37.58,52.046666666666674,0.7917426666666668
2026-07-16 17:45:00,593.4566666666667,153.38344666666666,199.02184,1.8294266666666663,243.46664,32.89999999999999,36.14666666666667,51.65333333333334,0.5934566666666667
2026-07-16 18:00:00,430.78333333333336,110.33991333333331,148.3032466666667,1.70254,237.8336733333333,32.67333333333333,34.57333333333334,52.32000000000001,0.43078333333333335
2026-07-16 18:15:00,307.4564285714286,77.78066428571428,109.03270714285712,1.484842857142857,246.54817142857144,32.34285714285714,33.36428571428572,53.54285714285714,0.30745642857142863
2026-07-16 18:30:00,196.6453333333333,52.22045333333334,69.29475333333333,1.1997799999999998,245.302,32.013333333333335,31.99333333333334,53.993333333333325,0.1966453333333333
2026-07-16 18:45:00,116.8225,33.92820833333334,41.44459166666667,1.4376583333333333,235.309475,31.850000000000005,31.01666666666667,54.400000000000006,0.11682250000000001
2026-07-16 19:00:00,37.898,14.27429333333333,16.536406666666668,1.7290533333333336,238.69868,31.60666666666667,30.046666666666667,53.9,0.037898
2026-07-16 20:30:00,0.0,0.9495,0.9865666666666666,1.144783333333333,240.24656666666667,30.21666666666667,27.15,57.95,0.0
2026-07-16 20:45:00,0.0,0.0,-0.0200875,0.9826375,241.7696875,29.675,26.525,59.75,0.0
2026-07-17 06:00:00,72.31571428571428,21.89297142857143,24.1741,1.1068142857142858,253.5357,25.2,23.928571428571427,86.82857142857141,0.07231571428571427
2026-07-17 06:15:00,159.8073333333333,43.372573333333335,48.08875333333334,1.670986666666667,246.26494,25.280000000000005,24.566666666666663,86.78666666666665,0.1598073333333333
2026-07-17 06:30:00,259.52666666666664,69.16984666666667,78.45948666666666,1.3765533333333335,240.8856933333333,25.513333333333332,25.706666666666663,86.26,0.25952666666666663
2026-07-17 06:45:00,329.84066666666666,87.78025333333333,99.29331333333332,0.8369400000000001,248.76500666666664,25.73333333333333,26.76,85.85999999999999,0.32984066666666667
2026-07-17 07:00:00,407.29066666666665,106.01154666666665,114.71984,1.90164,242.5845533333333,25.86,27.58666666666667,85.28000000000002,0.40729066666666663
2026-07-17 07:15:00,561.2766666666666,143.82843999999997,160.13336666666666,1.9255266666666668,244.99042666666665,26.113333333333337,28.839999999999996,84.70666666666668,0.5612766666666666
2026-07-17 07:30:00,632.8446153846154,162.0267769230769,180.1471,2.230684615384615,244.3069769230769,26.24615384615385,29.51538461538462,84.37692307692308,0.6328446153846154
2026-07-17 07:45:00,970.922,249.50322,283.9557733333333,2.393193333333334,237.79211333333336,26.6,31.206666666666667,83.24666666666667,0.9709220000000001
2026-07-17 08:00:00,1055.2266666666665,277.4498533333333,313.2169133333334,2.1030333333333333,241.3078,26.913333333333338,32.56666666666667,81.61999999999999,1.0552266666666665
2026-07-17 08:15:00,1096.9050000000002,285.84646,305.17674,2.09931,245.92627,27.22,33.68,80.21000000000001,1.0969050000000002
2026-07-17 08:30:00,1354.0833333333333,341.8204066666666,368.9295666666666,2.303946666666667,258.0924533333333,27.63333333333333,34.11333333333333,78.51333333333332,1.3540833333333333
2026-07-17 08:45:00,1493.7273333333335,385.7034066666666,414.3493133333333,2.640973333333333,261.01982000000004,28.28666666666667,35.81333333333334,76.44666666666669,1.4937273333333334
2026-07-17 09:00:00,1901.5306666666663,492.97504,535.6957466666667,2.025313333333333,260.4508333333334,28.76,38.35333333333334,74.58666666666666,1.9015306666666663
2026-07-17 09:15:00,2112.2726666666663,536.7109666666668,584.6363999999999,1.6432466666666667,254.64130666666665,29.26,41.72666666666667,73.38666666666668,2.1122726666666662
2026-07-17 09:30:00,2280.676,567.1283266666667,611.6917666666667,1.4768800000000002,241.14237333333335,29.386666666666667,43.76,73.17333333333335,2.280676
2026-07-17 09:45:00,2315.999333333333,605.04016,645.03608,1.5804733333333336,244.69514666666663,29.866666666666664,45.54666666666667,71.53333333333332,2.315999333333333
2026-07-17 10:00:00,2546.6313333333333,677.2923866666667,718.2323666666667,1.5500533333333333,248.46825333333337,30.15333333333333,46.17999999999999,70.14000000000001,2.5466313333333335
2026-07-17 10:15:00,2376.1946666666668,635.1678866666666,681.31744,1.6737133333333334,232.3706,30.4,48.42,69.83999999999999,2.3761946666666667
2026-07-17 10:30:00,2529.8859999999995,650.5138266666667,681.8743066666666,1.7787133333333334,254.19692,30.793333333333333,47.82666666666667,68.46000000000001,2.5298859999999994
2026-07-17 10:45:00,2118.6026666666667,471.9082066666666,497.0670466666668,2.1135200000000003,259.9515466666668,30.71333333333333,45.02666666666666,67.75333333333333,2.118602666666667
2026-07-17 11:00:00,2354.427333333333,530.9593933333333,555.0618533333333,1.6785133333333335,254.78968,30.76,43.35333333333334,66.58666666666666,2.354427333333333
2026-07-17 11:15:00,2894.084,740.2030733333334,770.77364,1.6542933333333336,256.41954,31.18,46.39333333333333,64.17999999999999,2.894084
2026-07-17 11:30:00,2576.016666666668,677.73178,698.4628933333332,1.6833533333333337,243.02300666666667,31.713333333333328,49.540000000000006,63.91333333333333,2.5760166666666677
2026-07-17 11:45:00,3007.8706666666667,810.56652,826.1133266666668,1.1621400000000002,246.58394666666663,32.25333333333334,52.24666666666666,61.34666666666667,3.007870666666667
2026-07-17 12:00:00,3320.8593333333333,884.0486266666667,919.4107600000004,1.1780933333333334,258.1651466666667,32.693333333333335,53.15333333333333,59.606666666666655,3.3208593333333334
2026-07-17 12:15:00,3015.2406666666666,805.3361666666667,829.0584133333335,1.7082000000000002,263.0569866666667,32.95333333333333,53.63333333333334,58.18666666666666,3.0152406666666667
2026-07-17 12:30:00,2617.6333333333337,717.4393933333333,744.3737,1.3578333333333334,258.74824666666666,32.97333333333333,51.78666666666666,57.973333333333336,2.6176333333333335
2026-07-17 12:45:00,3106.660666666667,751.3717733333335,786.7695733333335,1.7275133333333337,262.4308533333334,33.086666666666666,50.080000000000005,58.066666666666656,3.106660666666667
2026-07-17 13:00:00,2373.3466666666664,656.1569333333333,688.5521600000003,1.11972,244.5645933333333,33.233333333333334,53.88666666666666,57.66666666666666,2.3733466666666665
2026-07-17 13:15:00,2690.974285714286,621.2410857142858,655.1458642857142,1.833057142857143,256.39399285714285,33.29285714285714,52.007142857142846,56.89285714285713,2.690974285714286
2026-07-17 13:30:00,1409.8940000000002,415.08866000000006,439.8064733333333,1.1835533333333332,276.3415266666667,32.76,43.88,57.153333333333336,1.4098940000000002
2026-07-17 13:45:00,2426.988666666666,659.53458,719.1622066666666,1.40406,273.1708066666667,32.93999999999999,44.50666666666667,56.120000000000005,2.426988666666666
2026-07-17 14:00:00,2165.569333333333,539.7476866666667,575.1990666666667,1.4627600000000005,254.56342,33.38666666666666,47.45333333333334,55.08666666666666,2.165569333333333
2026-07-17 14:15:00,1688.2693333333332,372.4544066666667,399.93472,1.2673200000000002,251.19238,33.31999999999999,46.84,54.873333333333335,1.6882693333333332
2026-07-17 14:30:00,1117.2113333333332,269.71320000000003,283.81289333333336,1.2033333333333331,256.09534666666667,32.906666666666666,41.5,55.16,1.1172113333333331
2026-07-17 14:45:00,1397.9766666666665,331.95556,357.98100666666664,1.3782066666666666,258.14363333333336,33.04,41.046666666666674,54.06,1.3979766666666664
2026-07-17 15:00:00,1354.988,314.27284000000003,344.61261,1.32744,261.31509,33.050000000000004,40.82000000000001,53.8,1.354988
2026-07-17 15:15:00,1239.1373333333331,293.99049333333335,317.68238,1.452593333333333,245.4941466666667,32.98,40.35333333333333,53.68666666666665,1.239137333333333
2026-07-17 15:30:00,1216.564,287.39829333333336,310.1524666666666,1.4461400000000002,254.27258666666663,32.88,40.20666666666666,53.373333333333335,1.216564
2026-07-17 15:45:00,1252.196,296.90698,318.2688733333333,1.561166666666667,242.68990666666667,32.90666666666666,40.10666666666667,53.1,1.2521959999999999
2026-07-17 16:00:00,1276.259333333333,299.76195333333345,323.8797533333334,1.3534666666666668,245.62546,32.89333333333333,40.28666666666666,54.173333333333325,1.276259333333333
2026-07-17 16:15:00,1152.6706666666666,268.63674000000003,295.56637333333333,1.3538399999999997,251.8660133333333,32.78666666666667,39.633333333333326,54.80666666666666,1.1526706666666666
2026-07-17 16:30:00,933.0433333333332,219.89674,246.63864,1.3321999999999996,235.6629666666667,32.79333333333334,38.54666666666666,54.72,0.9330433333333332
2026-07-17 16:45:00,852.6960000000001,201.02516,229.09812666666664,1.2945666666666669,251.7547133333333,32.573333333333345,37.51999999999999,55.546666666666674,0.8526960000000001
2026-07-17 17:00:00,734.5240000000001,174.8763866666667,201.83400666666665,1.979933333333333,252.28812,32.47333333333332,36.4,55.693333333333335,0.7345240000000001
2026-07-17 17:15:00,610.6073333333333,146.18774666666664,171.86827333333335,1.33982,260.14964,32.28666666666667,35.23333333333333,55.98,0.6106073333333333
2026-07-17 17:30:00,464.19692307692304,113.3209076923077,134.8548,1.780553846153846,254.59434615384612,32.13076923076923,34.30769230769231,56.14615384615385,0.46419692307692306
2026-07-17 17:45:00,360.806,91.27868666666669,104.98126666666668,1.45486,247.71008,31.99333333333333,33.35333333333333,56.82666666666666,0.36080599999999996
2026-07-17 18:00:00,321.8546666666667,82.94378,92.76819333333331,1.518213333333333,244.80865333333333,31.866666666666667,32.74666666666668,57.25333333333332,0.3218546666666667
2026-07-17 18:15:00,251.924,66.15698666666667,74.07382000000001,1.3483533333333333,238.7187133333333,31.84,32.27333333333333,57.7,0.251924
2026-07-17 18:30:00,160.37866666666665,44.84243333333334,50.30578666666666,1.3070333333333335,231.54417333333333,31.726666666666677,31.44666666666667,58.28666666666668,0.16037866666666664
2026-07-17 18:45:00,98.46133333333334,29.47606,33.601793333333326,1.1393733333333336,224.86293333333333,31.53333333333333,30.53333333333333,58.88666666666667,0.09846133333333335
2026-07-17 19:00:00,59.15769230769232,19.23306923076923,22.39334615384616,1.0073846153846155,229.19611538461535,31.269230769230766,29.769230769230774,59.7,0.05915769230769232
2026-07-17 20:00:00,0.0,0.7851923076923076,0.8738076923076924,1.1666153846153846,224.0087769230769,30.65384615384616,28.27692307692308,61.62307692307692,0.0
2026-07-17 20:15:00,0.0,0.0,-0.3214666666666666,1.4644666666666666,224.1389,30.433333333333334,28.03333333333333,62.56666666666666,0.0
2026-07-17 20:30:00,0.0,0.0,-0.2075857142857143,1.0093857142857143,232.6645,30.14285714285714,27.585714285714285,63.67142857142858,0.0
2026-07-17 20:45:00,0.0,0.0,-0.0792624999999999,1.4928625,233.6185125,30.075,27.6125,63.825,0.0
